layername,fmapsize
0,1213.3421617396
1,2543.2760715485
2,1564.6984026982
3,1051.6128540039
4,695.7143895766
5,1607.9924503962
6,1374.6494513292
7,1104.81602805
